<?xml version = '1.0' encoding = 'UTF-8'?>
<Diagram class="oracle.dbtools.crest.swingui.logical.DPVLogical" name="Logical" id="96BD832F-5D9B-6D54-B60A-AB4CB00EA276">
<createdBy>camil</createdBy>
<modifiedBy>camil</modifiedBy>
<createdTime>2024-08-29 12:02:32 UTC</createdTime>
<autoRoute>false</autoRoute>
<boxInbox>true</boxInbox>
<showLegend>false</showLegend>
<showLabels>false</showLabels>
<showRelAttributes>false</showRelAttributes>
<gridEnabled>false</gridEnabled>
<showGrid>false</showGrid>
<diagramColor>-1</diagramColor>
<display>false</display>
<notation>1</notation>
<objectViews>
<OView class="oracle.dbtools.crest.swingui.logical.TVEntity" oid="01B6E8A2-23F3-D6CC-6843-56A0FFEB4595" otype="Entity" vid="250F6786-0B71-5760-0E3E-C421DCBEA474">
<hideElementsInCurrentOnly>false</hideElementsInCurrentOnly>
<bounds x="868" y="216" width="236" height="110"/>
</OView>
<OView class="oracle.dbtools.crest.swingui.logical.TVEntity" oid="0F657776-FAD9-D2D6-C7B5-9B4C5A9A06F3" otype="Entity" vid="B5FD5D00-F42E-7EAB-01B0-ADAA58ED9369">
<hideElementsInCurrentOnly>false</hideElementsInCurrentOnly>
<bounds x="25" y="401" width="209" height="126"/>
</OView>
<OView class="oracle.dbtools.crest.swingui.logical.TVEntity" oid="2DF14562-95E7-63B8-0EDA-108404F20C09" otype="Entity" vid="868FD831-FEE1-854E-842A-4B759361FDDA">
<hideElementsInCurrentOnly>false</hideElementsInCurrentOnly>
<bounds x="520" y="210" width="194" height="102"/>
</OView>
<OView class="oracle.dbtools.crest.swingui.logical.TVEntity" oid="2F08ADA4-F559-59B4-27C9-8DCCEB0831AA" otype="Entity" vid="EAE44B54-8D18-73DA-3F9F-661C77F3D928">
<hideElementsInCurrentOnly>false</hideElementsInCurrentOnly>
<bounds x="612" y="450" width="152" height="80"/>
</OView>
<OView class="oracle.dbtools.crest.swingui.logical.TVEntity" oid="6670EC25-4F42-616F-B845-58578CE57415" otype="Entity" vid="5C521BF3-0B6F-0D32-AD51-0576737A128C">
<hideElementsInCurrentOnly>false</hideElementsInCurrentOnly>
<bounds x="876" y="396" width="233" height="204"/>
</OView>
<OView class="oracle.dbtools.crest.swingui.logical.TVEntity" oid="680A4309-79FC-5089-4952-327731917945" otype="Entity" vid="87EA904F-0EF7-39E9-C6B1-4B90229BC42F">
<hideElementsInCurrentOnly>false</hideElementsInCurrentOnly>
<bounds x="183" y="202" width="189" height="110"/>
</OView>
<OView class="oracle.dbtools.crest.swingui.logical.TVEntity" oid="6CC4FC28-D8F8-26ED-9E15-608A1674A3A7" otype="Entity" vid="4AD07811-ADCC-60A8-AEF4-942419844DEC">
<hideElementsInCurrentOnly>false</hideElementsInCurrentOnly>
<bounds x="523" y="42" width="203" height="110"/>
</OView>
<OView class="oracle.dbtools.crest.swingui.logical.TVEntity" oid="6E9C20BE-D127-D49A-F8CA-E4F75E4DBB31" otype="Entity" vid="1AB26860-AF35-75E8-71F1-67CEC8B012BA">
<hideElementsInCurrentOnly>false</hideElementsInCurrentOnly>
<bounds x="190" y="45" width="194" height="107"/>
</OView>
<OView class="oracle.dbtools.crest.swingui.logical.TVEntity" oid="A2019125-C633-F611-4355-537B4313805A" otype="Entity" vid="18F2BE07-2AFA-CAE3-62C2-C883B5EF81ED">
<hideElementsInCurrentOnly>false</hideElementsInCurrentOnly>
<bounds x="285" y="417" width="271" height="118"/>
</OView>
<OView class="oracle.dbtools.crest.swingui.logical.TVEntity" oid="CC588CA4-1CC3-604D-46D2-226B664D79F9" otype="Entity" vid="B127ABF5-CD34-798C-C75A-5DCA1ED3BA85">
<hideElementsInCurrentOnly>false</hideElementsInCurrentOnly>
<bounds x="915" y="538" width="143" height="38"/>
</OView>
</objectViews>
<connectors>
<Connector class="oracle.dbtools.crest.swingui.logical.TVRelation" oid="1BAEF55C-9D54-2CDC-EE8D-2A2A6735C282" otype="Relation" vid_source="B5FD5D00-F42E-7EAB-01B0-ADAA58ED9369" vid_target="18F2BE07-2AFA-CAE3-62C2-C883B5EF81ED">
<hideElementsInCurrentOnly>false</hideElementsInCurrentOnly>
<backgroundColor>-16777216</backgroundColor>
<lineWidth>1</lineWidth>
<points>
<point x="234" y="472"/>
<point x="285" y="472"/>
</points>
</Connector>
<Connector class="oracle.dbtools.crest.swingui.logical.TVRelation" oid="4DF16E3C-B3D4-FC30-6567-6E6387F80484" otype="Relation" vid_source="18F2BE07-2AFA-CAE3-62C2-C883B5EF81ED" vid_target="EAE44B54-8D18-73DA-3F9F-661C77F3D928">
<hideElementsInCurrentOnly>false</hideElementsInCurrentOnly>
<backgroundColor>-16777216</backgroundColor>
<lineWidth>1</lineWidth>
<points>
<point x="556" y="490"/>
<point x="612" y="490"/>
</points>
</Connector>
<Connector class="oracle.dbtools.crest.swingui.logical.TVRelation" oid="7D0792E2-20C9-063A-6E41-6152725857ED" otype="Relation" vid_source="87EA904F-0EF7-39E9-C6B1-4B90229BC42F" vid_target="B5FD5D00-F42E-7EAB-01B0-ADAA58ED9369">
<hideElementsInCurrentOnly>false</hideElementsInCurrentOnly>
<backgroundColor>-16777216</backgroundColor>
<lineWidth>1</lineWidth>
<points>
<point x="208" y="312"/>
<point x="208" y="401"/>
</points>
</Connector>
<Connector class="oracle.dbtools.crest.swingui.logical.TVInheritanceRelation" oid="8AFB2CB1-A335-F8A4-11A4-D6914C9E7021" otype="Hierarchy relation" vid_source="5C521BF3-0B6F-0D32-AD51-0576737A128C" vid_target="B127ABF5-CD34-798C-C75A-5DCA1ED3BA85">
<hideElementsInCurrentOnly>false</hideElementsInCurrentOnly>
<backgroundColor>-65536</backgroundColor>
<lineWidth>1</lineWidth>
</Connector>
<Connector class="oracle.dbtools.crest.swingui.logical.TVRelation" oid="AB95E32D-333E-7657-AF76-AC11C6ACDD7B" otype="Relation" vid_source="868FD831-FEE1-854E-842A-4B759361FDDA" vid_target="87EA904F-0EF7-39E9-C6B1-4B90229BC42F">
<hideElementsInCurrentOnly>false</hideElementsInCurrentOnly>
<backgroundColor>-16777216</backgroundColor>
<lineWidth>1</lineWidth>
<points>
<point x="520" y="261"/>
<point x="372" y="261"/>
</points>
</Connector>
<Connector class="oracle.dbtools.crest.swingui.logical.TVRelation" oid="C1F2DC3A-73D0-310C-B9A5-4B3DF2DBE649" otype="Relation" vid_source="4AD07811-ADCC-60A8-AEF4-942419844DEC" vid_target="868FD831-FEE1-854E-842A-4B759361FDDA">
<hideElementsInCurrentOnly>false</hideElementsInCurrentOnly>
<backgroundColor>-16777216</backgroundColor>
<lineWidth>1</lineWidth>
<points>
<point x="633" y="152"/>
<point x="633" y="210"/>
</points>
</Connector>
<Connector class="oracle.dbtools.crest.swingui.logical.TVRelation" oid="D9295991-EAAC-BAAA-E2E1-FBEA732EAEC4" otype="Relation" vid_source="1AB26860-AF35-75E8-71F1-67CEC8B012BA" vid_target="4AD07811-ADCC-60A8-AEF4-942419844DEC">
<hideElementsInCurrentOnly>false</hideElementsInCurrentOnly>
<backgroundColor>-16777216</backgroundColor>
<lineWidth>1</lineWidth>
<points>
<point x="384" y="98"/>
<point x="523" y="98"/>
</points>
</Connector>
<Connector class="oracle.dbtools.crest.swingui.logical.TVRelation" oid="E12B5CF0-11AA-9F7C-72D0-1C2EA0755BD7" otype="Relation" vid_source="868FD831-FEE1-854E-842A-4B759361FDDA" vid_target="18F2BE07-2AFA-CAE3-62C2-C883B5EF81ED">
<hideElementsInCurrentOnly>false</hideElementsInCurrentOnly>
<backgroundColor>-16777216</backgroundColor>
<lineWidth>1</lineWidth>
<points>
<point x="538" y="312"/>
<point x="538" y="417"/>
</points>
</Connector>
<Connector class="oracle.dbtools.crest.swingui.logical.TVRelation" oid="EDC1DABF-7F0B-577E-E9EC-A9EE3DFD1ABA" otype="Relation" vid_source="250F6786-0B71-5760-0E3E-C421DCBEA474" vid_target="5C521BF3-0B6F-0D32-AD51-0576737A128C">
<hideElementsInCurrentOnly>false</hideElementsInCurrentOnly>
<backgroundColor>-16777216</backgroundColor>
<lineWidth>1</lineWidth>
<points>
<point x="990" y="326"/>
<point x="990" y="396"/>
</points>
</Connector>
<Connector class="oracle.dbtools.crest.swingui.logical.TVRelation" oid="F2DA7611-41B5-1CA7-52C3-9ECC41001AC9" otype="Relation" vid_source="87EA904F-0EF7-39E9-C6B1-4B90229BC42F" vid_target="18F2BE07-2AFA-CAE3-62C2-C883B5EF81ED">
<hideElementsInCurrentOnly>false</hideElementsInCurrentOnly>
<backgroundColor>-16777216</backgroundColor>
<lineWidth>1</lineWidth>
<points>
<point x="328" y="312"/>
<point x="328" y="417"/>
</points>
</Connector>
<Connector class="oracle.dbtools.crest.swingui.logical.TVRelation" oid="FE78BAF2-48C2-E5A3-E783-621539457E7F" otype="Relation" vid_source="868FD831-FEE1-854E-842A-4B759361FDDA" vid_target="250F6786-0B71-5760-0E3E-C421DCBEA474">
<hideElementsInCurrentOnly>false</hideElementsInCurrentOnly>
<backgroundColor>-16777216</backgroundColor>
<lineWidth>1</lineWidth>
<points>
<point x="714" y="264"/>
<point x="868" y="264"/>
</points>
</Connector>
</connectors>
</Diagram>