<?xml version = '1.0' encoding = 'UTF-8'?>
<relationalModel class="oracle.dbtools.crest.model.design.relational.RelationalDesign" name="Relational_1" id="2C063B42-F2DB-1B62-2215-81209826B726" mainViewID="CD6E676E-875D-0150-37DC-8800AEA3488C">
<createdBy>camil</createdBy>
<createdTime>2024-08-29 12:01:25 UTC</createdTime>
<ownerDesignName>Entrega1Baker</ownerDesignName>
<shouldBeOpen>false</shouldBeOpen>
<selectedRDBMSSite>32076570-2523-435C-2E92-BF29817DFF70</selectedRDBMSSite>
</relationalModel>