<?xml version = '1.0' encoding = 'UTF-8'?>
<Relation class="oracle.dbtools.crest.model.design.logical.Relation" name="Relation_9" directorySegmentName="seg_0" id="4DF16E3C-B3D4-FC30-6567-6E6387F80484">
<createdBy>camil</createdBy>
<createdTime>2024-08-30 02:48:30 UTC</createdTime>
<ownerDesignName>Entrega1Baker</ownerDesignName>
<engineerTo>
<item key="2C063B42-F2DB-1B62-2215-81209826B726" value="true"/>
</engineerTo>
<identifying>false</identifying>
<optionalSource>true</optionalSource>
<optionalTarget>false</optionalTarget>
<sourceCardinality>1</sourceCardinality>
<sourceEntity>A2019125-C633-F611-4355-537B4313805A</sourceEntity>
<targetCardinalityString>1</targetCardinalityString>
<targetEntity>2F08ADA4-F559-59B4-27C9-8DCCEB0831AA</targetEntity>
<transferable>true</transferable>
<deleteRule>NO ACTION</deleteRule>
</Relation>