<?xml version = '1.0' encoding = 'UTF-8'?>
<Relation class="oracle.dbtools.crest.model.design.logical.Relation" name="Relation_8" directorySegmentName="seg_0" id="7D0792E2-20C9-063A-6E41-6152725857ED">
<createdBy>camil</createdBy>
<createdTime>2024-08-30 02:47:45 UTC</createdTime>
<ownerDesignName>Entrega1Baker</ownerDesignName>
<engineerTo>
<item key="2C063B42-F2DB-1B62-2215-81209826B726" value="true"/>
</engineerTo>
<identifying>false</identifying>
<optionalSource>false</optionalSource>
<optionalTarget>false</optionalTarget>
<sourceCardinality>*</sourceCardinality>
<sourceEntity>680A4309-79FC-5089-4952-327731917945</sourceEntity>
<targetCardinalityString>*</targetCardinalityString>
<targetEntity>0F657776-FAD9-D2D6-C7B5-9B4C5A9A06F3</targetEntity>
<transferable>true</transferable>
<deleteRule>NO ACTION</deleteRule>
</Relation>