<?xml version = '1.0' encoding = 'UTF-8'?>
<Relation class="oracle.dbtools.crest.model.design.logical.Relation" name="Relation_6" directorySegmentName="seg_0" id="AB95E32D-333E-7657-AF76-AC11C6ACDD7B">
<createdBy>camil</createdBy>
<createdTime>2024-08-30 02:45:12 UTC</createdTime>
<ownerDesignName>Entrega1Baker</ownerDesignName>
<engineerTo>
<item key="2C063B42-F2DB-1B62-2215-81209826B726" value="true"/>
</engineerTo>
<identifying>false</identifying>
<optionalSource>false</optionalSource>
<optionalTarget>false</optionalTarget>
<sourceCardinality>1</sourceCardinality>
<sourceEntity>2DF14562-95E7-63B8-0EDA-108404F20C09</sourceEntity>
<targetCardinalityString>*</targetCardinalityString>
<targetEntity>680A4309-79FC-5089-4952-327731917945</targetEntity>
<transferable>true</transferable>
<deleteRule>NO ACTION</deleteRule>
</Relation>