<?xml version = '1.0' encoding = 'UTF-8'?>
<Relation class="oracle.dbtools.crest.model.design.logical.Relation" name="Relation_5" directorySegmentName="seg_0" id="D9295991-EAAC-BAAA-E2E1-FBEA732EAEC4">
<createdBy>camil</createdBy>
<createdTime>2024-08-30 02:44:41 UTC</createdTime>
<ownerDesignName>Entrega1Baker</ownerDesignName>
<engineerTo>
<item key="2C063B42-F2DB-1B62-2215-81209826B726" value="true"/>
</engineerTo>
<identifying>false</identifying>
<optionalSource>false</optionalSource>
<optionalTarget>false</optionalTarget>
<sourceCardinality>1</sourceCardinality>
<sourceEntity>6E9C20BE-D127-D49A-F8CA-E4F75E4DBB31</sourceEntity>
<targetCardinalityString>*</targetCardinalityString>
<targetEntity>6CC4FC28-D8F8-26ED-9E15-608A1674A3A7</targetEntity>
<transferable>true</transferable>
<deleteRule>NO ACTION</deleteRule>
</Relation>