<?xml version = '1.0' encoding = 'UTF-8'?>
<Relation class="oracle.dbtools.crest.model.design.logical.Relation" name="Relation_12" directorySegmentName="seg_0" id="E12B5CF0-11AA-9F7C-72D0-1C2EA0755BD7">
<createdBy>camil</createdBy>
<createdTime>2024-08-30 03:09:25 UTC</createdTime>
<ownerDesignName>Entrega1Baker</ownerDesignName>
<engineerTo>
<item key="2C063B42-F2DB-1B62-2215-81209826B726" value="true"/>
</engineerTo>
<identifying>false</identifying>
<optionalSource>true</optionalSource>
<optionalTarget>false</optionalTarget>
<sourceCardinality>1</sourceCardinality>
<sourceEntity>2DF14562-95E7-63B8-0EDA-108404F20C09</sourceEntity>
<targetCardinalityString>*</targetCardinalityString>
<targetEntity>A2019125-C633-F611-4355-537B4313805A</targetEntity>
<transferable>true</transferable>
<deleteRule>NO ACTION</deleteRule>
</Relation>