<?xml version = '1.0' encoding = 'UTF-8'?>
<Relation class="oracle.dbtools.crest.model.design.logical.Relation" name="Relation_7" directorySegmentName="seg_0" id="F2DA7611-41B5-1CA7-52C3-9ECC41001AC9">
<createdBy>camil</createdBy>
<createdTime>2024-08-30 02:46:38 UTC</createdTime>
<ownerDesignName>Entrega1Baker</ownerDesignName>
<engineerTo>
<item key="2C063B42-F2DB-1B62-2215-81209826B726" value="true"/>
</engineerTo>
<identifying>false</identifying>
<optionalSource>true</optionalSource>
<optionalTarget>false</optionalTarget>
<sourceCardinality>*</sourceCardinality>
<sourceEntity>680A4309-79FC-5089-4952-327731917945</sourceEntity>
<targetCardinalityString>*</targetCardinalityString>
<targetEntity>A2019125-C633-F611-4355-537B4313805A</targetEntity>
<transferable>true</transferable>
<deleteRule>NO ACTION</deleteRule>
</Relation>