<?xml version = '1.0' encoding = 'UTF-8'?>
<Relation class="oracle.dbtools.crest.model.design.logical.Relation" name="Relation_15" directorySegmentName="seg_0" id="FE78BAF2-48C2-E5A3-E783-621539457E7F">
<createdBy>camil</createdBy>
<createdTime>2024-08-31 20:33:15 UTC</createdTime>
<ownerDesignName>Entrega1Baker</ownerDesignName>
<engineerTo>
<item key="2C063B42-F2DB-1B62-2215-81209826B726" value="true"/>
</engineerTo>
<identifying>false</identifying>
<optionalSource>false</optionalSource>
<optionalTarget>false</optionalTarget>
<sourceCardinality>1</sourceCardinality>
<sourceEntity>2DF14562-95E7-63B8-0EDA-108404F20C09</sourceEntity>
<targetCardinalityString>*</targetCardinalityString>
<targetEntity>01B6E8A2-23F3-D6CC-6843-56A0FFEB4595</targetEntity>
<transferable>true</transferable>
<deleteRule>NO ACTION</deleteRule>
</Relation>