<?xml version = '1.0' encoding = 'UTF-8'?>
<Entity class="oracle.dbtools.crest.model.design.logical.Entity" directorySegmentName="seg_0" id="0F657776-FAD9-D2D6-C7B5-9B4C5A9A06F3" name="Proveedor">
<createdBy>camil</createdBy>
<createdTime>2024-08-29 12:11:39 UTC</createdTime>
<ownerDesignName>Entrega1Baker</ownerDesignName>
<engineerTo>
<item key="2C063B42-F2DB-1B62-2215-81209826B726" value="true"/>
</engineerTo>
<adequatelyNormalized>NO</adequatelyNormalized>
<expectedVolumes>0</expectedVolumes>
<fwdEngineeringStrategyName>Single Table</fwdEngineeringStrategyName>
<growthPercent>0</growthPercent>
<growthType>Year</growthType>
<maxVolumes>9999999</maxVolumes>
<minVolumes>0</minVolumes>
<normalForm>Third</normalForm>
<attributes itemClass="oracle.dbtools.crest.model.design.logical.Attribute">
<Attribute name="NIT" id="A3318BD0-2A07-2455-BCBA-D5A03BCB56F1">
<createdBy>camil</createdBy>
<createdTime>2024-08-30 02:57:23 UTC</createdTime>
<ownerDesignName>Entrega1Baker</ownerDesignName>
<engineerTo>
<item key="2C063B42-F2DB-1B62-2215-81209826B726" value="true"/>
</engineerTo>
<nullsAllowed>true</nullsAllowed>
<use>0</use>
<ownDataTypeParameters>,,</ownDataTypeParameters>
</Attribute>
<Attribute name="nombre" id="34EDED4C-ABDE-699E-32AF-A6A7D5EC6488">
<createdBy>camil</createdBy>
<createdTime>2024-08-30 02:57:26 UTC</createdTime>
<ownerDesignName>Entrega1Baker</ownerDesignName>
<engineerTo>
<item key="2C063B42-F2DB-1B62-2215-81209826B726" value="true"/>
</engineerTo>
<nullsAllowed>true</nullsAllowed>
<use>0</use>
<ownDataTypeParameters>,,</ownDataTypeParameters>
</Attribute>
<Attribute name="direccion " id="EFAFE8EB-EEF3-5DA2-8305-E4012BA8B42A">
<createdBy>camil</createdBy>
<createdTime>2024-08-30 02:57:34 UTC</createdTime>
<ownerDesignName>Entrega1Baker</ownerDesignName>
<engineerTo>
<item key="2C063B42-F2DB-1B62-2215-81209826B726" value="true"/>
</engineerTo>
<nullsAllowed>true</nullsAllowed>
<use>0</use>
<ownDataTypeParameters>,,</ownDataTypeParameters>
</Attribute>
<Attribute name="personaContacto" id="E76992E6-5332-8373-40B7-DD9992D28C0C">
<createdBy>camil</createdBy>
<createdTime>2024-08-30 02:57:45 UTC</createdTime>
<ownerDesignName>Entrega1Baker</ownerDesignName>
<engineerTo>
<item key="2C063B42-F2DB-1B62-2215-81209826B726" value="true"/>
</engineerTo>
<nullsAllowed>true</nullsAllowed>
<use>0</use>
<ownDataTypeParameters>,,</ownDataTypeParameters>
</Attribute>
<Attribute name="telefono" id="162A2413-2616-DFB1-4F26-77C4A8622B5E">
<createdBy>camil</createdBy>
<createdTime>2024-08-30 02:57:56 UTC</createdTime>
<ownerDesignName>Entrega1Baker</ownerDesignName>
<engineerTo>
<item key="2C063B42-F2DB-1B62-2215-81209826B726" value="true"/>
</engineerTo>
<nullsAllowed>true</nullsAllowed>
<use>0</use>
<ownDataTypeParameters>,,</ownDataTypeParameters>
</Attribute>
</attributes>
</Entity>