<?xml version = '1.0' encoding = 'UTF-8'?>
<Entity class="oracle.dbtools.crest.model.design.logical.Entity" directorySegmentName="seg_0" id="2F08ADA4-F559-59B4-27C9-8DCCEB0831AA" name="DocumentoRecepcion">
<createdBy>camil</createdBy>
<createdTime>2024-08-29 12:12:05 UTC</createdTime>
<ownerDesignName>Entrega1Baker</ownerDesignName>
<engineerTo>
<item key="2C063B42-F2DB-1B62-2215-81209826B726" value="true"/>
</engineerTo>
<adequatelyNormalized>NO</adequatelyNormalized>
<expectedVolumes>0</expectedVolumes>
<fwdEngineeringStrategyName>Single Table</fwdEngineeringStrategyName>
<growthPercent>0</growthPercent>
<growthType>Year</growthType>
<maxVolumes>9999999</maxVolumes>
<minVolumes>0</minVolumes>
<normalForm>Third</normalForm>
<attributes itemClass="oracle.dbtools.crest.model.design.logical.Attribute">
<Attribute name="fechaEntregado" id="C11576B1-098A-EA52-A471-9E802CA51284">
<createdBy>camil</createdBy>
<createdTime>2024-08-30 02:58:21 UTC</createdTime>
<ownerDesignName>Entrega1Baker</ownerDesignName>
<engineerTo>
<item key="2C063B42-F2DB-1B62-2215-81209826B726" value="true"/>
</engineerTo>
<nullsAllowed>true</nullsAllowed>
<use>0</use>
<ownDataTypeParameters>,,</ownDataTypeParameters>
</Attribute>
<Attribute name="cantidad" id="B2FBBC9E-7D62-49AC-1571-62F0BB6ACA06">
<createdBy>camil</createdBy>
<createdTime>2024-08-30 02:58:30 UTC</createdTime>
<ownerDesignName>Entrega1Baker</ownerDesignName>
<engineerTo>
<item key="2C063B42-F2DB-1B62-2215-81209826B726" value="true"/>
</engineerTo>
<nullsAllowed>true</nullsAllowed>
<use>0</use>
<ownDataTypeParameters>,,</ownDataTypeParameters>
</Attribute>
<Attribute name="bodega" id="5ACA5059-D113-CBBD-9AA0-BBB7559671E9">
<createdBy>camil</createdBy>
<createdTime>2024-08-31 21:08:13 UTC</createdTime>
<ownerDesignName>Entrega1Baker</ownerDesignName>
<engineerTo>
<item key="2C063B42-F2DB-1B62-2215-81209826B726" value="true"/>
</engineerTo>
<nullsAllowed>true</nullsAllowed>
<use>0</use>
<ownDataTypeParameters>,,</ownDataTypeParameters>
</Attribute>
</attributes>
</Entity>