<?xml version = '1.0' encoding = 'UTF-8'?>
<Entity class="oracle.dbtools.crest.model.design.logical.Entity" directorySegmentName="seg_0" id="A2019125-C633-F611-4355-537B4313805A" name="OrdenCompra">
<createdBy>camil</createdBy>
<createdTime>2024-08-29 12:15:10 UTC</createdTime>
<ownerDesignName>Entrega1Baker</ownerDesignName>
<engineerTo>
<item key="2C063B42-F2DB-1B62-2215-81209826B726" value="true"/>
</engineerTo>
<adequatelyNormalized>NO</adequatelyNormalized>
<expectedVolumes>0</expectedVolumes>
<fwdEngineeringStrategyName>Single Table</fwdEngineeringStrategyName>
<growthPercent>0</growthPercent>
<growthType>Year</growthType>
<maxVolumes>9999999</maxVolumes>
<minVolumes>0</minVolumes>
<normalForm>Third</normalForm>
<attributes itemClass="oracle.dbtools.crest.model.design.logical.Attribute">
<Attribute name="cantidad" id="57A6895C-1B66-FD78-DD4F-1B3EE05DF885">
<createdBy>camil</createdBy>
<createdTime>2024-08-30 02:55:55 UTC</createdTime>
<ownerDesignName>Entrega1Baker</ownerDesignName>
<engineerTo>
<item key="2C063B42-F2DB-1B62-2215-81209826B726" value="true"/>
</engineerTo>
<nullsAllowed>true</nullsAllowed>
<use>0</use>
<ownDataTypeParameters>,,</ownDataTypeParameters>
</Attribute>
<Attribute name="precio" id="D7070A8C-5330-870F-CBF3-7A30477AFD94">
<createdBy>camil</createdBy>
<createdTime>2024-08-30 02:56:05 UTC</createdTime>
<ownerDesignName>Entrega1Baker</ownerDesignName>
<engineerTo>
<item key="2C063B42-F2DB-1B62-2215-81209826B726" value="true"/>
</engineerTo>
<nullsAllowed>true</nullsAllowed>
<use>0</use>
<ownDataTypeParameters>,,</ownDataTypeParameters>
</Attribute>
<Attribute name="fechaEntrega" id="B938123E-B552-725B-7793-F722A4AD33DA">
<createdBy>camil</createdBy>
<createdTime>2024-08-30 02:56:14 UTC</createdTime>
<ownerDesignName>Entrega1Baker</ownerDesignName>
<engineerTo>
<item key="2C063B42-F2DB-1B62-2215-81209826B726" value="true"/>
</engineerTo>
<nullsAllowed>true</nullsAllowed>
<use>0</use>
<ownDataTypeParameters>,,</ownDataTypeParameters>
</Attribute>
<Attribute name="estado" id="41B614A5-4420-90D1-3834-BC3F40631F69">
<createdBy>camil</createdBy>
<createdTime>2024-08-30 02:56:29 UTC</createdTime>
<ownerDesignName>Entrega1Baker</ownerDesignName>
<engineerTo>
<item key="2C063B42-F2DB-1B62-2215-81209826B726" value="true"/>
</engineerTo>
<nullsAllowed>true</nullsAllowed>
<use>0</use>
<ownDataTypeParameters>,,</ownDataTypeParameters>
</Attribute>
</attributes>
</Entity>